"date","open","high","low","close","volume"
"2019-01-02","9.0636","9.0926","8.8416","8.8706","539386.3200"
"2019-01-03","8.8609","9.0057","8.8320","8.9575","415537.9500"
"2019-01-04","8.9188","9.4787","8.8995","9.4111","1481159.0600"
"2019-01-07","9.4980","9.5076","9.2953","9.4015","865687.6600"
"2019-01-08","9.3918","9.4015","9.2856","9.3243","402388.1100"
"2019-01-09","9.4015","9.7297","9.3629","9.5945","1233486.3600"
"2019-01-10","9.5270","9.8455","9.5173","9.7490","1071817.6600"
"2019-01-11","9.7586","9.8648","9.7007","9.8455","696364.5500"
"2019-01-14","9.8648","9.8937","9.7200","9.7586","500443.5900"
"2019-01-15","9.7586","9.9227","9.7393","9.8841","542160.5500"
"2019-01-16","9.8841","10.1351","9.8744","10.1158","977699.3700"
"2019-01-17","10.1737","10.2026","9.8165","9.8937","882811.9200"
"2019-01-18","9.9806","10.1254","9.9227","10.0675","738793.2600"
"2019-01-21","9.9806","10.1061","9.9613","9.9806","659355.7600"
"2019-01-22","9.9806","10.0771","9.9034","9.9227","424413.5700"
"2019-01-23","9.9324","10.1061","9.9324","9.9903","537876.6300"
"2019-01-24","10.0385","10.1833","10.0096","10.1544","679240.8800"
"2019-01-25","10.1930","10.6563","10.1833","10.6177","2108361.8500"
"2019-01-28","10.6563","10.7528","10.5018","10.5598","1035909.8000"
"2019-01-29","10.5791","10.6852","10.3957","10.6177","826631.1000"
"2019-01-30","10.5694","10.7914","10.4825","10.5694","712001.0100"
"2019-01-31","10.5984","10.8107","10.5598","10.7142","831622.7500"
"2019-02-01","10.8107","10.8590","10.5791","10.8107","1014270.0700"
"2019-02-11","10.6949","10.8204","10.5887","10.8204","801936.6300"
"2019-02-12","10.8107","10.9169","10.6466","10.8011","959936.9000"
"2019-02-13","10.8011","11.0134","10.7335","10.9845","1137365.7400"
"2019-02-14","10.9072","10.9362","10.8011","10.8590","869185.1900"
"2019-02-15","10.8397","10.8397","10.5212","10.5694","1100127.4600"
"2019-02-18","10.6659","10.9652","10.6563","10.9652","1255522.2100"
"2019-02-19","10.9652","11.2161","10.8493","10.8783","1270882.0400"
"2019-02-20","10.9362","11.1293","10.8590","11.0134","832629.8700"
"2019-02-21","10.9845","11.1486","10.8879","10.9652","754246.4800"
"2019-02-22","10.9555","11.1679","10.7625","11.1389","1184047.7900"
"2019-02-25","11.2933","12.2007","11.1679","12.1138","2824935.0200"
"2019-02-26","12.1138","12.1331","11.7277","11.7760","2017544.9300"
"2019-02-27","11.8146","12.2200","11.7277","11.9690","1979013.8800"
"2019-02-28","12.0076","12.1717","11.8435","11.9304","1113099.8000"
"2019-03-01","12.0462","12.3358","11.7760","12.3165","1712679.1600"
"2019-03-04","12.2586","12.9150","12.1814","12.5385","2456830.3900"
"2019-03-05","12.4613","12.8281","12.3937","12.6061","1408422.2200"
"2019-03-06","12.6061","12.6929","12.3937","12.6254","1245760.2000"
"2019-03-07","12.6061","12.6061","12.1138","12.2972","1782057.3100"
"2019-03-08","12.0559","12.2586","11.8242","11.8725","1778162.1000"
"2019-03-11","11.8725","12.0559","11.6312","11.8918","1157650.7700"
"2019-03-12","12.0559","12.2007","11.8146","11.9304","1411794.9200"
"2019-03-13","11.9111","12.1138","11.7084","11.9401","1269427.1600"
"2019-03-14","11.9015","12.1814","11.8435","11.9980","1057467.9000"
"2019-03-15","11.9111","12.2393","11.9111","12.0655","1045406.0300"
"2019-03-18","12.0945","12.4902","11.8918","12.4613","1486454.8000"
"2019-03-19","12.4709","12.4902","12.1717","12.3455","957196.4600"
"2019-03-20","12.2393","12.4323","12.1814","12.3069","929996.3800"
"2019-03-21","12.3262","12.3551","12.1428","12.2489","860140.8000"
"2019-03-22","12.2489","12.2972","12.0655","12.1524","713502.0600"
"2019-03-25","11.9690","11.9690","11.6794","11.6891","1179883.2600"
"2019-03-26","11.8049","11.8628","11.5926","11.6794","935393.2700"
"2019-03-27","11.8146","12.0366","11.7567","11.9497","922826.8000"
"2019-03-28","11.8821","11.8821","11.6794","11.7953","732467.4400"
"2019-03-29","11.8339","12.3744","11.7856","12.3744","1669506.4700"
"2019-04-01","12.3841","13.0790","12.3841","12.7219","1951401.1900"
"2019-04-02","12.8184","13.0115","12.7702","12.8957","1100384.0400"
"2019-04-03","12.7509","12.9825","12.6929","12.9729","792915.7900"
"2019-04-04","12.9632","13.5134","12.9632","13.3783","2034365.0000"
"2019-04-08","13.4169","13.9285","13.2431","13.4748","1743176.2000"
"2019-04-09","13.3879","13.4941","13.2721","13.3300","781332.3800"
"2019-04-10","13.2721","13.3976","12.9343","13.2528","947135.0600"
"2019-04-11","13.2528","13.4748","13.0211","13.0694","655356.6200"
"2019-04-12","13.0211","13.1177","12.7509","12.9536","774324.6400"
"2019-04-15","13.2431","13.6003","13.1852","13.2142","1533890.6800"
"2019-04-16","13.1949","14.0732","13.0790","14.0732","2379375.1800"
"2019-04-17","13.9188","14.0829","13.7354","13.8512","1004109.8700"
"2019-04-18","13.8030","13.8705","13.6196","13.8416","507045.3000"
"2019-04-19","13.9478","14.2856","13.8030","14.2180","1246036.0900"
"2019-04-22","14.0926","14.3242","13.5906","13.6582","1322273.9000"
"2019-04-23","13.6099","13.7065","13.4844","13.5810","940687.3400"
"2019-04-24","13.9478","14.0926","13.6678","13.9381","1949723.6300"
"2019-04-25","13.8802","14.1312","13.6389","13.6389","1111476.3700"
"2019-04-26","13.5906","13.7547","13.2238","13.3107","1009421.2400"
"2019-04-29","13.4169","13.8319","13.3783","13.6099","1030695.7500"
"2019-04-30","13.5038","13.5617","13.1177","13.3686","1116570.2700"
"2019-05-06","12.6447","12.8860","12.2682","12.4227","2108667.8400"
"2019-05-07","12.5771","12.6350","12.2779","12.4999","1072658.4100"
"2019-05-08","12.2779","12.4613","12.0655","12.1621","975450.8100"
"2019-05-09","12.0848","12.1428","11.6312","11.7374","1557151.6100"
"2019-05-10","11.9111","12.3069","11.6794","12.2393","1192399.0800"
"2019-05-13","11.9015","12.1042","11.8049","11.8725","741917.7900"
"2019-05-14","11.7760","12.3069","11.7374","12.0559","1182598.1900"
"2019-05-15","12.1428","12.6543","12.1331","12.4709","1103988.5100"
"2019-05-16","12.4806","12.5385","12.3358","12.4034","634901.4300"
"2019-05-17","12.4709","12.4806","11.9304","12.0076","965000.8500"
"2019-05-20","11.9208","12.1042","11.8242","11.9497","786435.1800"
"2019-05-21","11.9690","12.2875","11.9304","12.1235","731210.5100"
"2019-05-22","12.1331","12.1331","11.8918","11.9690","506230.7200"
"2019-05-23","11.8146","11.9883","11.7181","11.8628","666855.4300"
"2019-05-24","11.9208","12.0173","11.8821","11.9208","495526.2000"
"2019-05-27","11.7856","11.9883","11.5154","11.9401","1048425.9800"
"2019-05-28","11.8821","12.1138","11.8339","12.0559","880703.1200"
"2019-05-29","11.9304","12.1524","11.8339","11.9690","666411.5000"
"2019-05-30","11.8918","11.9497","11.6891","11.7953","646284.6500"
"2019-05-31","11.7374","11.9690","11.6891","11.7567","686794.3900"
"2019-06-03","11.7953","11.9015","11.4092","11.4864","1512719.0500"
"2019-06-04","11.4767","11.5250","11.1968","11.4381","974655.3400"
"2019-06-05","11.5540","11.7181","11.5057","11.5540","748892.3100"
"2019-06-06","11.5540","11.6505","11.4767","11.5057","433665.2600"
"2019-06-10","11.5926","12.0366","11.5636","11.9111","1144668.8200"
"2019-06-11","11.9111","12.2779","11.8725","12.2103","1251087.5100"
"2019-06-12","12.1910","12.2200","12.0076","12.1331","657310.1800"
"2019-06-13","12.1042","12.2393","11.9980","12.1524","530000.2600"
"2019-06-14","12.1524","12.2489","12.0173","12.0559","483191.7300"
"2019-06-17","12.0462","12.3455","12.0462","12.2296","619815.8800"
"2019-06-18","12.2296","12.4034","12.1524","12.3551","483555.1200"
"2019-06-19","12.8281","12.9246","12.5578","12.6157","1143226.3900"
"2019-06-20","12.7123","13.4651","12.6640","13.3204","1529191.4700"
"2019-06-21","13.2817","13.3879","13.1080","13.1659","1011129.1500"
"2019-06-24","13.2142","13.3493","13.1370","13.2142","659572.8500"
"2019-06-25","13.2431","13.2431","12.6157","12.9632","1469227.0700"
"2019-06-26","12.9437","13.1681","12.8657","13.0412","546504.7600"
"2019-06-27","13.1681","13.5094","13.1193","13.3729","925074.9400"
"2019-06-28","13.3924","13.4509","13.2461","13.4412","498093.6900"
"2019-07-01","13.6655","13.8313","13.5290","13.5875","960636.0000"
"2019-07-02","13.5387","13.8899","13.5192","13.8313","1052744.8600"
"2019-07-03","13.8313","13.8606","13.5290","13.6655","769078.4900"
"2019-07-04","13.6655","13.9289","13.5387","13.6460","621292.5200"
"2019-07-05","13.6070","13.6362","13.3534","13.5777","749196.0900"
"2019-07-08","13.4802","13.5387","13.1193","13.2558","778413.9000"
"2019-07-09","13.2949","13.3729","13.1095","13.2558","494296.1100"
"2019-07-10","13.2753","13.3631","13.1583","13.2266","358220.7900"
"2019-07-11","13.3436","13.4412","13.1973","13.2071","484183.1400"
"2019-07-12","13.2656","13.8801","13.2461","13.7728","1465366.5200"
"2019-07-15","13.6850","13.7728","13.4997","13.6558","841282.7600"
"2019-07-16","13.6265","13.6460","13.3729","13.4119","722780.7900"
"2019-07-17","13.3631","13.4704","13.2753","13.3534","410020.6300"
"2019-07-18","13.3144","13.4704","13.2266","13.3339","422826.2200"
"2019-07-19","13.4022","13.7338","13.3436","13.6460","866390.7000"
"2019-07-22","13.6167","13.6753","13.4217","13.5094","582283.3000"
"2019-07-23","13.5192","13.5290","13.3144","13.4217","504004.2300"
"2019-07-24","13.5290","13.6655","13.4509","13.5387","570276.2200"
"2019-07-25","13.5777","13.9191","13.5094","13.8508","1087826.4100"
"2019-07-26","13.8313","13.8996","13.7338","13.8801","635305.7100"
"2019-07-29","13.8996","14.0947","13.8313","13.9386","715576.1900"
"2019-07-30","13.9581","14.1922","13.9386","14.0167","796634.3200"
"2019-07-31","13.9484","13.9679","13.7338","13.7826","634723.4800"
"2019-08-01","13.7143","13.8411","13.5972","13.7533","527981.2800"
"2019-08-02","13.4314","13.5387","13.3241","13.4022","969926.4600"
"2019-08-05","13.2656","13.3046","12.9437","13.0217","893082.4200"
"2019-08-06","12.7779","13.1290","12.7096","13.0412","882499.1300"
"2019-08-07","13.1583","13.3046","13.0412","13.2071","793038.9900"
"2019-08-08","13.5582","14.1435","13.5094","14.0264","2330715.0400"
"2019-08-09","14.1922","14.4849","14.0752","14.1630","2060575.1300"
"2019-08-12","14.2508","14.7482","14.2410","14.7482","2733425.4700"
"2019-08-13","14.6312","14.7092","14.3776","14.5239","1293736.4400"
"2019-08-14","14.7677","14.8458","14.4361","14.6019","1360546.5400"
"2019-08-15","14.2800","14.5922","14.2410","14.5726","897376.2600"
"2019-08-16","14.7190","14.7677","14.4166","14.5336","986902.9300"
"2019-08-19","14.5434","14.5726","14.1630","14.5531","2292956.1300"
"2019-08-20","14.5531","14.8263","14.4068","14.6214","1921041.5000"
"2019-08-21","14.5044","14.5239","14.0264","14.0947","1990131.9500"
"2019-08-22","14.0459","14.0947","13.8508","13.9581","1353071.5800"
"2019-08-23","14.0167","14.3776","13.9972","14.2898","1636867.6800"
"2019-08-26","14.0654","14.1435","13.8021","13.8996","1415122.5400"
"2019-08-27","14.0069","14.1240","13.8899","13.9581","1356713.3700"
"2019-08-28","13.9094","13.9289","13.7045","13.9191","829657.6800"
"2019-08-29","13.8703","13.8899","13.7338","13.7826","609034.3400"
"2019-08-30","13.9386","14.0362","13.7533","13.8118","798500.5700"
"2019-09-02","13.8021","14.1435","13.7631","14.0947","1360201.3000"
"2019-09-03","14.1240","14.1532","13.8996","13.9484","858653.6500"
"2019-09-04","13.9679","14.1435","13.9581","14.0849","973964.8700"
"2019-09-05","14.2020","14.4849","14.1922","14.2215","1768051.4300"
"2019-09-06","14.3483","14.4458","14.2605","14.4458","986432.8000"
"2019-09-09","14.6117","14.6312","14.2410","14.3288","1299839.1400"
"2019-09-10","14.2410","14.2800","14.0557","14.1922","796870.6400"
"2019-09-11","14.2410","14.3483","14.1044","14.2020","818614.2100"
"2019-09-12","14.2995","14.4166","14.1727","14.3190","1150687.6400"
"2019-09-16","14.3385","14.3581","14.0459","14.0947","929894.1400"
"2019-09-17","14.0069","14.0947","13.8313","13.8899","882655.7500"
"2019-09-18","13.8899","14.1240","13.8899","14.0557","820436.3300"
"2019-09-19","14.1240","14.5239","14.1240","14.4751","1884020.8300"
"2019-09-20","14.5824","15.0213","14.5629","14.9628","2644285.1400"
"2019-09-23","14.9628","15.0896","14.8067","15.0018","1403282.0000"
"2019-09-24","15.0896","15.1579","14.8067","14.8067","1129103.2400"
"2019-09-25","14.8263","15.4603","14.8165","15.3627","1938892.7200"
"2019-09-26","15.4700","15.6456","15.2749","15.3237","1686592.5800"
"2019-09-27","15.4603","15.6066","15.3140","15.5090","1007706.2700"
"2019-09-30","15.3627","15.4993","15.1872","15.2067","1046363.1700"
"2019-10-08","15.2164","15.8309","15.2164","15.8017","1386676.3600"
"2019-10-09","15.7041","16.1138","15.6261","15.8504","1316693.4100"
"2019-10-10","15.8699","15.8699","15.5968","15.8407","879746.6200"
"2019-10-11","15.8017","16.5332","15.8017","16.3967","1405422.8200"
"2019-10-14","16.5527","17.1672","16.5040","16.7966","1557637.4500"
"2019-10-15","16.8258","16.9234","16.4064","16.7576","881955.4200"
"2019-10-16","16.8356","17.0112","16.2211","16.3772","1267671.2100"
"2019-10-17","16.4844","16.5820","16.1431","16.2894","1126182.2200"
"2019-10-18","16.3869","16.6210","16.0260","16.1040","1196799.1400"
"2019-10-21","16.0260","16.5527","16.0260","16.4747","945952.2500"
"2019-10-22","16.4942","16.5137","15.6358","16.0163","1883531.4300"
"2019-10-23","15.9187","16.2601","15.8309","16.0455","967534.5900"
"2019-10-24","16.0943","16.5820","16.0358","16.4552","1109214.7700"
"2019-10-25","16.3674","16.5430","16.1723","16.4649","691435.7600"
"2019-10-28","16.5625","16.6210","16.0748","16.2504","1070131.1300"
"2019-10-29","16.2796","16.5137","16.1528","16.4942","788864.7300"
"2019-10-30","16.3869","16.5430","16.0163","16.0260","854317.1700"
"2019-10-31","16.0163","16.0650","15.8407","15.8602","862569.3000"
"2019-11-01","15.9480","16.5820","15.8797","16.4454","1254655.4400"
"2019-11-04","16.5625","16.8258","16.3576","16.5040","889824.2500"
"2019-11-05","16.3869","17.0112","16.3772","16.7283","1172485.8900"
"2019-11-06","16.6405","16.8356","16.4649","16.5430","863325.3600"
"2019-11-07","16.5137","16.6503","16.3381","16.4747","711896.9900"
"2019-11-08","16.5625","16.6015","16.2308","16.2406","849139.2400"
"2019-11-11","16.0943","16.1235","15.8017","15.8797","953515.6300"
"2019-11-12","15.8894","15.9675","15.7626","15.9285","516266.4000"
"2019-11-13","15.8894","16.0553","15.6651","15.9285","655120.6500"
"2019-11-14","16.0260","16.0748","15.8504","15.9187","468899.5500"
"2019-11-15","15.9870","16.1431","15.8407","15.9382","569227.9800"
"2019-11-18","15.9480","16.1431","15.8309","16.0455","557918.4100"
"2019-11-19","16.0455","16.0748","15.9090","16.0065","562120.4000"
"2019-11-20","15.8992","15.8992","15.3822","15.4603","1724383.5300"
"2019-11-21","15.3627","15.4798","15.2457","15.4700","772563.2400"
"2019-11-22","15.4993","15.5285","15.1676","15.2067","773473.5400"
"2019-11-25","15.2554","15.4505","15.1579","15.4115","783257.9400"
"2019-11-26","15.4993","15.4993","15.1091","15.2359","815297.5300"
"2019-11-27","15.2554","15.2554","15.0116","15.0896","476169.9800"
"2019-11-28","15.0896","15.1579","15.0603","15.1091","378016.5100"
"2019-11-29","15.1579","15.1676","14.8067","14.9140","653866.9100"
"2019-12-02","14.9726","15.0506","14.8555","14.9823","553877.3800"
"2019-12-03","14.9238","15.0799","14.8360","15.0701","455418.0500"
"2019-12-04","14.9628","15.0311","14.8360","14.9335","524545.2700"
"2019-12-05","14.9726","15.0994","14.9238","15.0506","557084.4600"
"2019-12-06","15.0896","15.3335","15.0799","15.2164","712615.2400"
"2019-12-09","15.2359","15.2359","14.9726","15.0311","605992.8900"
"2019-12-10","14.9823","15.0018","14.8750","14.9531","556383.8800"
"2019-12-11","15.0018","15.2944","14.9238","15.2749","871505.1900"
"2019-12-12","15.2749","15.2847","15.1481","15.2164","478998.8200"
"2019-12-13","15.4603","15.7236","15.3822","15.7236","1053103.8100"
"2019-12-16","15.7236","15.7431","15.4798","15.7334","787952.3400"
"2019-12-17","15.6066","16.2211","15.5871","16.0943","1203104.9000"
"2019-12-18","16.0260","16.2504","16.0065","16.0553","797091.3300"
"2019-12-19","16.1431","16.3284","16.0358","16.1431","675536.7600"
"2019-12-20","16.1431","16.2699","16.0358","16.1821","644478.3800"
"2019-12-23","16.2699","16.2699","15.7724","15.8407","715792.7200"
"2019-12-24","15.8309","16.0943","15.8309","15.9967","459128.4200"
"2019-12-25","16.0455","16.1528","15.8407","15.8992","414917.9800"
"2019-12-26","15.9382","16.0748","15.9187","16.0650","372033.8600"
"2019-12-27","16.1235","16.5137","16.0260","16.2211","1042574.7200"
"2019-12-30","16.0553","16.2211","15.7041","16.1626","976970.3100"
"2019-12-31","16.1626","16.2211","15.9090","16.0455","704442.2500"
"2020-01-02","16.2406","16.5332","16.1431","16.4552","1530231.8700"
"2020-01-03","16.5235","16.8844","16.5040","16.7576","1116194.8100"
"2020-01-06","16.5917","16.9136","16.4942","16.6503","862083.5000"
"2020-01-07","16.7088","16.8551","16.5332","16.7283","728607.5600"
"2020-01-08","16.5820","16.6308","16.2211","16.2504","847824.1200"
"2020-01-09","16.3967","16.5137","16.1235","16.3772","1031636.6500"
"2020-01-10","16.3772","16.3967","16.1138","16.2796","585548.4500"
"2020-01-13","16.3381","16.6113","16.2016","16.5722","872133.3600"
"2020-01-14","16.5722","16.8454","16.3479","16.3479","1304493.6600"
"2020-01-15","16.3772","16.4454","16.0455","16.1138","859439.1200"
"2020-01-16","16.1138","16.1626","15.8017","15.9285","1028104.6700"
"2020-01-17","15.9772","16.1431","15.9480","15.9870","605436.6900"
"2020-01-20","16.0260","16.2016","15.9480","16.0455","746074.7500"
"2020-01-21","15.9382","15.9382","15.5383","15.6066","896603.1000"
"2020-01-22","15.5285","15.7626","15.3237","15.6944","719464.9100"
"2020-01-23","15.5285","15.5285","15.0116","15.1579","1100592.0700"
"2020-02-03","13.6460","14.3385","13.6460","13.6460","2259194.8300"
"2020-02-04","13.7045","14.2995","13.6753","14.2410","1706172.0700"
"2020-02-05","14.2312","14.5239","13.9679","14.2703","1491380.2100"
"2020-02-06","14.4458","14.5044","14.1532","14.4068","1185815.7200"
"2020-02-07","14.2410","14.3288","14.0557","14.2605","924852.9600"
"2020-02-10","14.1532","14.1727","13.9484","14.1435","1339495.2400"
"2020-02-11","14.2410","14.5726","14.2020","14.4263","1407507.4400"
"2020-02-12","14.4263","14.4556","14.2410","14.4068","1070503.2100"
"2020-02-13","14.3483","14.5141","14.2508","14.2898","1013205.2800"
"2020-02-14","14.3873","14.7677","14.3385","14.6604","1512434.7300"
"2020-02-17","14.6702","14.9921","14.5629","14.9921","1543696.0100"
"2020-02-18","14.9531","14.9531","14.6409","14.8263","973612.3500"
"2020-02-19","14.7287","14.9921","14.7092","14.8653","874106.9300"
"2020-02-20","14.8945","15.2359","14.7287","15.2067","1235444.3400"
"2020-02-21","15.1091","15.3335","15.0701","15.1969","995071.0200"
"2020-02-24","15.0799","15.0799","14.7775","14.8555","1191794.5000"
"2020-02-25","14.6312","14.7580","14.4166","14.6702","1144575.0200"
"2020-02-26","14.4068","14.8945","14.3385","14.6214","1176599.1500"
"2020-02-27","14.5922","14.7775","14.5239","14.7385","975270.9000"
"2020-02-28","14.4849","14.6702","14.1044","14.1435","1300644.4500"
"2020-03-02","14.1922","14.5824","14.1044","14.4263","1116580.6600"
"2020-03-03","14.5922","14.6214","14.2703","14.3581","1153584.3200"
"2020-03-04","14.3190","14.4166","14.1532","14.3288","862595.2300"
"2020-03-05","14.4361","15.2554","14.3678","15.0116","2686602.3400"
"2020-03-06","14.8067","14.8945","14.6507","14.6604","1228531.0300"
"2020-03-09","14.3483","14.3678","14.0654","14.0947","1665793.5400"
"2020-03-10","14.0264","14.4849","14.0264","14.3971","1167864.9700"
"2020-03-11","14.4068","14.5141","14.2605","14.3288","814381.6400"
"2020-03-12","14.2898","14.4751","14.1727","14.3190","986497.1100"
"2020-03-13","13.5582","14.2215","13.5582","14.1630","1169765.8000"
"2020-03-16","14.0947","14.1044","13.4119","13.4119","1406202.1800"
"2020-03-17","13.4119","13.6265","12.8071","13.0803","1177849.0600"
"2020-03-18","13.0803","13.2168","12.3390","12.3975","1384784.3700"
"2020-03-19","12.3682","12.4267","11.6171","11.9293","1891457.1300"
"2020-03-20","12.0951","12.3682","11.9585","12.2121","1578352.9600"
"2020-03-23","11.7049","12.0463","11.6367","11.8512","1071113.6400"
"2020-03-24","12.0951","12.3682","11.9683","12.2999","1180200.2600"
"2020-03-25","12.5633","12.7486","12.3877","12.5535","1136957.7400"
"2020-03-26","12.4658","13.0120","12.4072","12.7389","1075192.4300"
"2020-03-27","12.9242","13.0510","12.7584","12.8267","653018.8800"
"2020-03-30","12.5340","12.7194","12.4462","12.6218","661738.7900"
"2020-03-31","12.7291","12.7681","12.4658","12.4853","513370.3000"
"2020-04-01","12.5438","12.8071","12.5048","12.5731","520836.0400"
"2020-04-02","12.4365","12.6511","12.3487","12.6511","518365.0400"
"2020-04-03","12.5048","12.5731","12.2414","12.2999","825348.1400"
"2020-04-07","12.5731","12.6218","12.4950","12.5633","870313.7100"
"2020-04-08","12.5633","12.6023","12.4072","12.4658","528716.1400"
"2020-04-09","12.5633","12.5731","12.4072","12.4267","408553.7700"
"2020-04-10","12.4462","12.6608","12.3390","12.4755","666674.9500"
"2020-04-13","12.3585","12.3975","12.1634","12.2804","446214.4000"
"2020-04-14","12.3390","12.5438","12.2609","12.5438","686086.8700"
"2020-04-15","12.5438","12.6121","12.4658","12.5535","656396.4000"
"2020-04-16","12.4755","12.4755","12.2317","12.3682","789154.9800"
"2020-04-17","12.4560","12.7194","12.3390","12.5731","1331164.7700"
"2020-04-20","12.5438","12.7291","12.4560","12.6706","818455.8300"
"2020-04-21","12.9730","13.3631","12.9730","13.1193","2122448.3400"
"2020-04-22","13.0412","13.0900","12.8364","12.9047","1032802.7400"
"2020-04-23","12.9047","12.9827","12.7876","12.9047","646989.6300"
"2020-04-24","12.8462","12.9535","12.7876","12.9144","566001.6100"
"2020-04-27","12.9730","13.3046","12.9242","13.1681","936829.9000"
"2020-04-28","13.1193","13.2266","12.9437","13.1876","771564.1700"
"2020-04-29","13.1485","13.7533","13.1193","13.6753","1108722.3900"
"2020-04-30","13.6753","13.9679","13.5387","13.5875","819540.4300"
"2020-05-06","13.4217","13.5485","13.2753","13.4314","1008998.0200"
"2020-05-07","13.4217","13.4217","13.2656","13.3534","662749.2300"
"2020-05-08","13.4217","13.6753","13.3436","13.6070","934781.7000"
"2020-05-11","13.5777","13.7826","13.5582","13.6558","612862.2900"
"2020-05-12","13.6070","13.7045","13.3826","13.4509","558511.1400"
"2020-05-13","13.4119","13.4412","13.1973","13.2949","640358.7900"
"2020-05-14","13.2168","13.2558","12.8949","12.9730","944672.0900"
"2020-05-15","13.0608","13.0998","12.8169","12.9047","756794.4700"
"2020-05-18","12.8754","13.0120","12.7974","12.8754","637208.5700"
"2020-05-19","13.0803","13.1193","12.9437","13.0315","600368.6400"
"2020-05-20","13.0510","13.2851","12.9437","13.1778","690851.0700"
"2020-05-21","13.1876","13.2363","13.0315","13.0705","552312.0000"
"2020-05-22","13.0022","13.0120","12.6023","12.6023","856237.3300"
"2020-05-25","12.6511","12.6608","12.4462","12.6413","410170.7800"
"2020-05-26","12.6999","12.7486","12.6218","12.7194","396212.4000"
"2020-05-27","12.7291","12.8657","12.6413","12.6803","482962.9400"
"2020-05-28","12.7696","13.0772","12.7101","12.9681","960760.3100"
"2020-05-29","12.9085","12.9383","12.8192","12.8986","457808.2200"
"2020-06-01","12.9978","13.2856","12.9780","13.2161","882960.5500"
"2020-06-02","13.1863","13.5237","13.1764","13.4443","883458.8800"
"2020-06-03","13.5336","13.7717","13.3947","13.4344","956803.0800"
"2020-06-04","13.4245","13.5336","13.3054","13.4642","583066.3300"
"2020-06-05","13.4939","13.5138","13.3252","13.4840","383026.9000"
"2020-06-08","13.5733","13.7420","13.4741","13.5138","585971.9000"
"2020-06-09","13.5336","13.6229","13.4245","13.5634","474300.0700"
"2020-06-10","13.6031","13.6031","13.2955","13.3848","580476.2000"
"2020-06-11","13.2756","13.2856","12.8986","12.9780","1349039.8200"
"2020-06-12","12.7994","12.9184","12.7696","12.8887","1030550.5700"
"2020-06-15","12.7498","12.8688","12.7002","12.7200","660313.0700"
"2020-06-16","12.7994","12.8887","12.7597","12.7895","718059.1000"
"2020-06-17","12.7895","12.8192","12.6605","12.7498","716468.2400"
"2020-06-18","12.6605","12.7002","12.4918","12.6605","1119647.8000"
"2020-06-19","12.6307","12.7398","12.5116","12.7002","1539521.7800"
"2020-06-22","12.6406","12.6605","12.5216","12.5414","1319079.7900"
"2020-06-23","12.5513","12.5910","12.4223","12.5017","990806.7300"
"2020-06-24","12.5414","12.7795","12.5017","12.7002","1523220.4800"
"2020-06-29","12.8192","12.8688","12.6109","12.7002","1038480.0600"
"2020-06-30","12.7299","12.7795","12.6208","12.7002","937940.2200"
"2020-07-01","12.6902","13.0474","12.6406","13.0177","1697390.0100"
"2020-07-02","12.9780","13.3848","12.8688","13.3252","2590501.1900"
"2020-07-03","13.4642","14.2083","13.4542","14.1388","3768333.6300"
"2020-07-06","14.4861","15.5577","14.4762","15.5577","4711460.7800"
"2020-07-07","16.1729","16.5003","14.9128","15.3593","3964427.4700"
"2020-07-08","15.1112","15.8752","15.1112","15.6371","2631339.1600"
"2020-07-09","15.5378","15.5378","15.1906","15.4089","2243994.4000"
"2020-07-10","15.2303","15.3593","14.6449","14.7441","2158773.2600"
"2020-07-13","14.5853","14.9624","14.3869","14.7739","1937160.1200"
"2020-07-14","14.7838","15.0715","14.4365","14.5655","1953566.2700"
"2020-07-15","14.6647","14.7441","14.1190","14.1587","2042562.8300"
"2020-07-16","14.1885","14.4365","14.0099","14.0396","1930891.2900"
"2020-07-17","14.0595","14.1686","13.8412","14.0297","1291346.7700"
"2020-07-20","14.1190","14.6548","13.9900","14.6151","1979632.0000"
"2020-07-21","14.5655","14.5655","14.2877","14.3770","1252865.6900"
"2020-07-22","14.3770","14.5357","14.1587","14.2976","1312951.5900"
"2020-07-23","14.1289","14.1785","13.7023","13.9007","2027525.8700"
"2020-07-24","13.8610","13.8809","13.3153","13.3947","1830881.8300"
"2020-07-27","13.5634","13.5733","12.9978","13.1367","1880653.3500"
"2020-07-28","13.2359","13.3252","13.0772","13.2359","1217005.9900"
"2020-07-29","13.2459","13.5237","13.1070","13.4344","1519580.2500"
"2020-07-30","13.3947","13.4046","13.2657","13.2657","964067.6300"
"2020-07-31","13.1764","13.4245","13.1466","13.2359","1165821.9100"
"2020-08-03","13.3649","13.5138","13.3252","13.4840","1445096.1600"
"2020-08-04","13.5535","14.0396","13.3749","13.9305","2445663.2500"
"2020-08-05","13.7122","13.7420","13.5138","13.6527","1440203.1300"
"2020-08-06","13.7122","13.8511","13.5435","13.7916","1352510.6800"
"2020-08-07","13.6924","13.7916","13.5138","13.5931","988678.3700"
"2020-08-10","13.5634","13.9106","13.5138","13.8412","1587710.3500"
"2020-08-11","13.8610","14.5456","13.8610","14.0198","2603307.8900"
"2020-08-12","14.0992","14.3869","14.0396","14.2678","1596811.7000"
"2020-08-13","14.2877","14.3472","14.0297","14.0694","837261.7500"
"2020-08-14","13.9900","14.3968","13.9503","14.3571","1103215.8200"
"2020-08-17","14.4861","15.2303","14.4365","15.0715","3268027.8000"
"2020-08-18","15.0814","15.1807","14.7937","15.0318","1350261.0700"
"2020-08-19","14.9921","15.2303","14.8433","14.9822","1420928.1100"
"2020-08-20","14.8929","15.0219","14.4167","14.4762","1333801.6200"
"2020-08-21","14.5953","14.5953","14.2083","14.3373","1234517.3300"
"2020-08-24","14.3869","14.5953","14.2976","14.3472","919448.8600"
"2020-08-25","14.4464","14.5754","14.3472","14.4861","748320.2200"
"2020-08-26","14.4861","14.4960","14.1686","14.2579","734117.7200"
"2020-08-27","14.2877","14.3472","13.9999","14.3472","626666.7700"
"2020-08-28","14.1488","15.0616","14.1488","15.0120","2410400.0200"
"2020-08-31","15.1807","15.5577","14.8731","14.9624","1797129.5400"
"2020-09-01","14.8433","15.1112","14.7639","15.0219","813642.5800"
"2020-09-02","14.8929","15.4089","14.8929","15.2005","1679382.9700"
"2020-09-03","15.2005","15.2104","14.7242","14.7838","1279841.5900"
"2020-09-04","14.6151","14.9425","14.4861","14.8433","909889.9900"
"2020-09-07","14.7639","15.1211","14.7143","14.8235","1031376.8100"
"2020-09-08","14.8830","15.3096","14.8830","15.3096","1407601.6600"
"2020-09-09","15.1410","15.4386","15.0120","15.0914","1013572.4700"
"2020-09-10","15.2005","15.3593","15.0814","15.2203","957092.3900"
"2020-09-11","15.0616","15.1807","14.7044","14.8929","954236.2500"
"2020-09-14","14.8929","15.1807","14.8036","15.1807","680251.0500"
"2020-09-15","15.0814","15.3593","15.0318","15.2303","657132.6700"
"2020-09-16","15.2005","15.4188","15.0914","15.3196","722414.7500"
"2020-09-17","15.4188","15.5974","15.2799","15.4486","988215.6300"
"2020-09-18","15.4982","15.9645","15.3989","15.9447","1373193.3000"
"2020-09-21","15.8752","15.9248","15.5875","15.7363","896161.6500"
"2020-09-22","15.5478","15.7164","15.2700","15.4486","867756.3100"
"2020-09-23","15.4684","15.7065","15.3890","15.5081","599200.4700"
"2020-09-24","15.4684","15.4882","15.0021","15.0021","1061011.2400"
"2020-09-25","15.0814","15.1906","14.9921","15.0715","614087.0000"
"2020-09-28","15.0715","15.2501","14.8632","15.1906","612711.1100"
"2020-09-29","15.2700","15.2898","14.6449","14.6846","1182374.4000"
"2020-09-30","14.6846","15.1509","14.6846","15.0517","1217064.8200"
"2020-10-09","15.1807","15.4287","15.0120","15.0616","900425.9300"
"2020-10-12","15.1013","15.9248","15.0914","15.7760","1591347.1500"
"2020-10-13","15.7760","15.9843","15.6470","15.9347","908819.4800"
"2020-10-14","15.9149","15.9943","15.6768","15.9050","662562.3600"
"2020-10-15","16.0736","16.7880","16.0240","16.4308","1600062.3200"
"2020-10-16","16.4308","17.2345","16.4110","16.9666","2095614.1900"
"2020-10-19","17.1651","17.9588","17.1651","17.3437","2016105.5200"
"2020-10-20","17.3437","17.4627","17.1154","17.4032","960071.9500"
"2020-10-21","17.5024","17.8596","17.1948","17.7703","1244560.1800"
"2020-10-22","17.8001","18.3557","17.1651","17.4230","1890519.0500"
"2020-10-23","17.3933","18.6335","17.3933","17.9886","1698501.6800"
"2020-10-26","18.0580","18.1473","17.3139","17.5619","1175598.6500"
"2020-10-27","17.8596","17.8596","17.3635","17.6215","1034865.0400"
"2020-10-28","17.6215","17.7604","17.1551","17.4925","1205823.8600"
"2020-10-29","17.4032","17.7901","17.2147","17.6314","846603.6200"
"2020-10-30","17.6016","18.2168","17.4627","17.6115","1007803.8300"
"2020-11-02","17.5123","17.9092","17.1948","17.4925","968452.7700"
"2020-11-03","17.5719","18.1969","17.5619","17.8199","957868.6300"
"2020-11-04","18.2069","18.3359","17.8199","18.1771","1247636.4000"
"2020-11-05","18.2267","18.3557","17.4032","17.5619","1429469.4400"
"2020-11-06","17.5719","17.6115","17.0857","17.5024","848781.5300"
"2020-11-09","17.5322","17.8596","17.4032","17.7008","951424.3200"
"2020-11-10","17.8596","18.3557","17.7901","17.9687","1021062.8100"
"2020-11-11","18.0580","18.1573","17.4627","17.6711","940130.0700"
"2020-11-12","17.6711","17.8001","17.3139","17.5222","677258.4800"
"2020-11-13","17.2841","17.3337","16.5598","17.0460","1289189.2300"
"2020-11-16","16.9468","17.2940","16.7682","17.2345","759856.9300"
"2020-11-17","17.2444","17.7901","17.1154","17.6909","852930.5100"
"2020-11-18","17.6413","18.3557","17.6115","18.3160","1373400.7200"
"2020-11-19","18.4450","18.8320","18.1573","18.7030","1211740.6200"
"2020-11-20","18.6831","18.8419","18.3755","18.7129","673919.2200"
"2020-11-23","18.7030","19.4670","18.6534","19.4670","1165858.2600"
"2020-11-24","19.4670","19.5265","19.0205","19.2090","678543.2300"
"2020-11-25","19.3281","19.5463","18.9014","18.9113","552585.0100"
"2020-11-26","18.9014","19.4570","18.8816","19.3479","639657.8900"
"2020-11-27","19.8440","19.8440","19.2288","19.5463","753773.7400"
"2020-11-30","19.7448","20.7171","19.4372","19.5860","1581441.2800"
"2020-12-01","19.5463","20.3500","19.2487","19.8936","1263719.7500"
"2020-12-02","19.7745","19.9035","19.3677","19.4769","889385.2900"
"2020-12-03","19.6257","19.7051","19.0205","19.3876","714452.3000"
"2020-12-04","19.3181","19.3181","18.8220","19.1495","891347.8400"
"2020-12-07","19.1594","19.2388","18.5343","18.7625","873806.6100"
"2020-12-08","18.7724","18.8816","18.3855","18.5641","719647.5100"
"2020-12-09","18.6434","18.9014","18.5343","18.5641","677221.1500"
"2020-12-10","18.5839","18.7327","18.3061","18.5045","607866.5500"
"2020-12-11","18.5641","18.6534","18.0779","18.3755","887793.8700"
"2020-12-14","18.4549","18.9113","18.3557","18.7327","835991.7400"
"2020-12-15","18.6534","18.7030","18.0084","18.5938","788857.9400"
"2020-12-16","18.6534","18.9510","18.4351","18.8617","689070.4200"
"2020-12-17","18.7625","18.9213","18.4549","18.8022","686140.6900"
"2020-12-18","18.8518","18.9510","18.0878","18.2168","1058756.3600"
"2020-12-21","18.1573","18.4946","17.8894","18.1374","906878.1100"
"2020-12-22","18.2168","18.5045","17.7405","17.7604","1028737.5100"
"2020-12-23","17.8199","17.9291","17.6512","17.8596","750082.7300"
"2020-12-24","18.0084","18.3458","17.9092","18.1176","632950.1200"
"2020-12-25","18.1176","18.1176","17.6612","17.8993","577077.3300"
"2020-12-28","17.8794","18.7129","17.8199","18.7030","1270337.0600"
"2020-12-29","18.7228","19.1495","18.5541","19.0205","963092.2300"
"2020-12-30","18.8518","19.0502","18.5740","19.0502","978497.7800"
"2020-12-31","19.0602","19.4273","18.8716","19.1891","924503.4300"
"2021-01-04","18.9510","18.9510","18.2962","18.4549","1554216.4300"
"2021-01-05","18.2565","18.3359","17.6612","18.0283","1821352.1000"
"2021-01-06","17.9390","19.4074","17.8596","19.4074","1934945.1200"
"2021-01-07","19.3677","19.8242","19.0800","19.7448","1584185.3000"
"2021-01-08","19.7448","19.9432","19.1594","19.6952","1195473.2200"
"2021-01-11","19.8440","20.4790","19.8440","20.2210","1790457.1400"
"2021-01-12","20.2310","20.8362","20.0226","20.8362","1288165.5000"
"2021-01-13","20.8362","20.8461","20.2409","20.5385","1049119.7300"
"2021-01-14","20.5187","20.7271","19.7944","20.0127","1130155.6200"
"2021-01-15","20.8362","21.7788","20.6576","20.8362","2480688.9800"
"2021-01-18","21.0346","22.6023","21.0346","22.5229","2157301.7800"
"2021-01-19","22.3344","22.6618","21.8780","22.1657","1242088.3400"
"2021-01-20","21.9772","22.7908","21.9475","22.2947","1280793.1600"
"2021-01-21","22.3245","22.6222","21.9772","22.0566","944778.6000"
"2021-01-22","22.0566","22.0566","21.3422","21.8582","924434.4200"
"2021-01-25","21.5506","22.4237","21.2628","22.3146","1028365.2700"
"2021-01-26","22.1261","23.1381","22.1261","22.1955","1126720.5500"
"2021-01-27","22.1360","23.2869","22.1360","22.9000","1294152.7200"
"2021-01-28","22.6023","22.9992","22.2749","22.6321","857476.9600"
"2021-01-29","22.6321","23.3564","22.5329","22.9099","1240258.4100"
